{
  "mae": 1.7436197583399509,
  "rmse": 2.0314207573413636
}