{
  "roc_auc": 0.9058379630015242,
  "accuracy": 0.8538461538461538,
  "f1": 0.7747035573122529,
  "precision": 0.6644067796610169,
  "recall": 0.9289099526066351
}